StationId,Avg_PM25
AP001,38.751615641601404
AP005,48.27472405736384
AS001,61.61419399982491
BR005,71.89404296875011
BR006,33.700681818181785
BR007,128.7194156748103
BR008,51.12337340876946
BR009,49.36323661240901
BR010,68.25339128419114
CH001,41.40548012232418
DL001,107.88673275475085
DL002,155.72093929046838
DL003,113.53674927113707
DL004,88.85135003545227
DL005,121.66542385014615
DL006,122.56074288470815
DL007,116.96172364568122
DL008,123.73653070111776
DL009,87.27625576796308
DL010,103.8387728346267
DL012,91.6934450105965
DL013,109.52498088298942
DL014,116.79711255215402
DL015,129.22917206448156
DL016,97.40217182708479
DL017,90.37940549212036
DL018,93.02952491197605
DL019,104.27836891042425
DL020,124.78726026573679
DL021,117.53273836678922
DL022,87.91728268659773
DL023,110.48504039745072
DL024,116.4821854336599
DL025,107.2208490792823
DL026,101.21685418608072
DL027,93.87383293579317
DL028,120.50876436257536
DL029,99.16690517670483
DL030,84.00592739836246
DL031,120.29521333821488
DL032,123.86089843170234
DL033,113.91560141607735
DL034,116.09791994577701
DL035,105.96844230294046
DL036,85.43411795743683
DL037,106.21550783198644
DL038,128.89592552670263
GJ001,66.7860904379026
HR011,105.84775656324607
HR012,54.564581952117884
HR013,54.03391287878788
HR014,113.416965676477
JH001,63.95293717075712
KA002,37.021195804558914
KA003,31.9193557736456
KA004,36.17712317024924
KA006,29.105668370091447
KA007,27.700417159374588
KA008,32.16932815422241
KA009,41.5690078107316
KA011,32.24111658237956
KL002,25.38639837143774
KL004,32.11674755927486
KL007,28.715475243946518
KL008,28.5969777941583
MH005,31.482847028388495
MH006,30.278767925080544
MH007,43.41416226415081
MH008,39.04560084241813
MH009,41.01044002411083
MH010,32.64538208529769
MH011,41.83118664569963
MH012,42.68069442262366
MH013,40.22857394366192
MH014,37.314867367939804
ML001,25.615292357274345
MP001,50.7288721573448
MZ001,19.626020358700956
OD001,66.78869604254426
OD002,65.45010494867454
PB001,54.4195402894795
RJ004,43.01238645245334
RJ005,66.29545572683345
RJ006,55.959312647464834
TG001,43.88631243409069
TG002,35.79746186386361
TG003,37.056593306656964
TG004,41.8464217474379
TG005,55.678110417138676
TG006,49.863195884511086
TN001,53.26232694088148
TN002,25.811558481797107
TN003,59.39663508728397
TN004,36.142077530818355
TN005,29.590760932944647
UP012,93.88503136995338
UP013,72.82272144802178
UP014,116.9341201693732
UP015,111.7738492192583
UP016,134.45999032711885
WB007,60.93949378599568
WB008,42.25792261291759
WB009,54.39271773576683
WB010,39.84310975609751
WB011,89.00175836924056
WB012,46.00218735925536
WB013,60.22735466977012
